id;first_name;last_name;full_name;phone_number;profile_image;profile_image_content_type;created_at;updated_at;user_id;tenant_id
1;Lola;Rodriguez;Investment Account back-end;+38269842993;../fake-data/blob/hipster.png;image/png;2021-04-17T18:55:14;2021-04-17T15:44:55;3;1
2;Miguel;Kling;deposit;+38269842993;../fake-data/blob/hipster.png;image/png;2021-04-17T06:33:33;2021-04-17T12:01:54;4;1
3;Kevon;Botsford;silver bypassing Home;+38269842993;../fake-data/blob/hipster.png;image/png;2021-04-17T00:17:35;2021-04-17T04:45:11;5;1
4;Meredith;O'Hara;Switchable Garden;+38269842993;../fake-data/blob/hipster.png;image/png;2021-04-17T03:09:25;2021-04-17T12:59:00;6;1
5;Carey;Bins;South Africa Germany National;+38269842993;../fake-data/blob/hipster.png;image/png;2021-04-16T23:11:41;2021-04-17T08:28:35;7;1
6;Brando;Kulas;Wooden value-added;+38269842993;../fake-data/blob/hipster.png;image/png;2021-04-17T05:54:37;2021-04-16T22:55:45;8;1
7;Christopher;Ritchie;Jersey frictionless;+38269842993;../fake-data/blob/hipster.png;image/png;2021-04-17T07:24:27;2021-04-17T08:51:09;9;1
8;Verda;Cronin;ROI Sausages rich;+38269842993;../fake-data/blob/hipster.png;image/png;2021-04-16T22:53:48;2021-04-17T11:35:33;10;1
9;Bradley;Grant;Sleek;+38269842993;../fake-data/blob/hipster.png;image/png;2021-04-17T20:58:27;2021-04-17T20:12:26;11;1
10;Alexandro;Emmerich;calculating initiatives bluetooth;+38269842993;../fake-data/blob/hipster.png;image/png;2021-04-17T02:25:49;2021-04-17T21:48:16;12;1
