id;name;created_at;updated_at
1;directional Outdoors ADP;2021-04-17T15:25:03;2021-04-17T10:59:27
2;Tenge Tugrik function;2021-04-17T11:20:35;2021-04-17T07:59:49
3;Gorgeous Planner;2021-04-17T21:47:40;2021-04-17T10:55:44
4;target;2021-04-17T20:33:36;2021-04-17T18:36:44
5;global Borders backing up;2021-04-17T11:01:40;2021-04-17T21:34:30
6;Credit Card Account Future;2021-04-17T05:17:09;2021-04-17T11:35:55
7;transmit channels;2021-04-16T23:55:01;2021-04-16T22:55:07
8;Direct hack Pants;2021-04-17T21:50:06;2021-04-17T09:12:49
9;Buckinghamshire generate;2021-04-17T08:10:59;2021-04-17T06:03:17
10;Sleek compressing parsing;2021-04-17T18:48:33;2021-04-17T07:44:24
