id;title;description;date_sent;eta
1;Oregon;client-driven;2021-04-17T01:08:35;2021-04-17T01:57:43
2;Sleek Rubber Ball;Bedfordshire;2021-04-17T10:21:15;2021-04-17T01:45:26
3;HDD cyan;Money Market Account Concrete;2021-04-17T13:11:36;2021-04-17T05:59:39
4;Granite Global;primary Analyst Singapore;2021-04-17T13:05:30;2021-04-17T02:28:20
5;Technician;Michigan Lodge;2021-04-17T14:44:37;2021-04-17T21:22:45
6;even-keeled Home Loan Account Corporate;Walks Money Market Account;2021-04-17T06:21:54;2021-04-17T16:15:25
7;data-warehouse compress Legacy;Frozen Books;2021-04-17T00:06:52;2021-04-17T01:37:01
8;ADP Money Market Account;Intelligent optical bypass;2021-04-17T04:13:03;2021-04-17T05:12:31
9;Customer-focused Future;Botswana Future;2021-04-17T11:02:02;2021-04-17T10:16:51
10;Handcrafted Small Frozen Shoes;Spur invoice;2021-04-17T01:01:40;2021-04-17T12:31:10
