id;title;description;created_at
1;Rustic bleeding-edge;green 1080p Metal;2021-04-17T15:34:41
2;generate CSS Granite;transmitting next-generation viral;2021-04-17T21:04:49
3;Rubber invoice Directives;invoice Credit Card Account;2021-04-17T06:01:35
4;District Sports;invoice partnerships Forges;2021-04-16T22:50:44
5;Strategist;solutions;2021-04-17T02:03:44
6;Intelligent;mindshare;2021-04-17T06:38:52
7;compressing Unbranded Wooden Salad;payment Avon Terrace;2021-04-17T14:20:59
8;reintermediate Health Berkshire;AGP Table;2021-04-17T03:22:39
9;Usability 3rd generation;generate Spur Gorgeous Steel Bacon;2021-04-16T22:29:24
10;Games;Associate;2021-04-17T15:51:41
