id;name;phone_number;email;address;created_at;updated_at
1;violet convergence Roads;payment client-server Designer;Marlene.Bahringer45@yahoo.com;auxiliary Vermont Savings Account;2021-04-17T04:32:08;2021-04-17T21:46:14
2;Handmade Cambridgeshire workforce;Ways;Luciano.Schulist61@gmail.com;Buckinghamshire;2021-04-17T20:57:28;2021-04-17T03:18:40
3;sexy;Devolved;Vesta.Schmidt@yahoo.com;Sri Lanka Rupee;2021-04-17T15:18:42;2021-04-17T12:12:30
4;Senior Bedfordshire;Bedfordshire;Burdette_Mante98@yahoo.com;complexity Lebanese Pound Papua New Guinea;2021-04-17T07:12:24;2021-04-17T11:08:43
5;Handcrafted Director Nuevo Sol;Officer Delaware Representative;Edmund70@yahoo.com;Metal Mall;2021-04-17T00:30:31;2021-04-17T09:07:39
6;input Right-sized interface;Home Loan Account;Zack.Feil@hotmail.com;Director;2021-04-17T20:43:45;2021-04-17T12:50:55
7;Soft synthesizing;Total deploy Berkshire;Ryley.Johns33@gmail.com;Sports enhance connect;2021-04-17T08:17:57;2021-04-17T02:50:31
8;systematic;Home Loan Account Response;Charles.Quitzon@yahoo.com;Arkansas Designer;2021-04-17T07:57:51;2021-04-17T14:52:11
9;Usability;tan Legacy Response;Jennifer.Farrell@hotmail.com;instruction set red Agent;2021-04-17T06:21:29;2021-04-17T06:56:03
10;online magenta;withdrawal;Larue_Schiller84@gmail.com;Kip;2021-04-17T16:30:51;2021-04-17T08:00:09
